week,month
1,January
2,January
3,January
4,January
5,February
6,February
7,February
8,February
9,March
10,March
11,March
12,March
13,April
14,April
15,April
16,April
17,May
18,May
19,May
20,May
21,June
22,June
23,June
24,June
25,July
26,July
27,July
28,July
29,August
30,August
31,August
32,August
33,September
34,September
35,September
36,September
37,October
38,October
39,October
40,October
41,November
42,November
43,November
44,November
45,December
46,December
47,December
48,December
49,December
50,December
51,December
52,December